-- ============================================
-- 测试数据：应付账款明细表和库存余额报表
-- ============================================

USE `zo_psi`;

-- 清理测试数据（可选，谨慎使用）
-- DELETE FROM `summary` WHERE id > 0;
-- DELETE FROM `omy` WHERE id > 0;
-- DELETE FROM `bre` WHERE id > 0;
-- DELETE FROM `buy` WHERE id > 0;
-- DELETE FROM `warehouse` WHERE id > 0;
-- DELETE FROM `goods` WHERE id > 0;
-- DELETE FROM `supplier` WHERE id > 0;

-- ============================================
-- 1. 基础数据：供应商
-- ============================================
INSERT INTO `supplier` (`id`, `name`, `py`, `number`, `frame`, `user`, `category`, `rate`, `bank`, `account`, `tax`, `data`, `contacts`, `balance`, `more`) VALUES
(1001, '北京供应商A', 'bjgysa', 'SUP001', 0, 1, '常规类别', 13.00, '中国工商银行', '6222021234567890123', '91110000123456789X', '测试供应商A', '[]', 0.0000, '{}'),
(1002, '上海供应商B', 'shgysb', 'SUP002', 0, 1, '常规类别', 13.00, '中国建设银行', '6222021234567890124', '91310000123456789Y', '测试供应商B', '[]', 0.0000, '{}'),
(1003, '广州供应商C', 'gzgysc', 'SUP003', 0, 1, '常规类别', 13.00, '中国农业银行', '6222021234567890125', '91440000123456789Z', '测试供应商C', '[]', 0.0000, '{}');

-- ============================================
-- 2. 基础数据：仓库
-- ============================================
INSERT INTO `warehouse` (`id`, `name`, `number`, `frame`, `contacts`, `tel`, `add`, `data`) VALUES
(2001, '主仓库', 'WH001', 0, '张三', '13800138001', '北京市朝阳区xxx路xxx号', '主仓库'),
(2002, '分仓库A', 'WH002', 0, '李四', '13800138002', '上海市浦东新区xxx路xxx号', '分仓库A'),
(2003, '分仓库B', 'WH003', 0, '王五', '13800138003', '广州市天河区xxx路xxx号', '分仓库B');

-- ============================================
-- 3. 基础数据：商品
-- ============================================
INSERT INTO `goods` (`id`, `name`, `py`, `number`, `spec`, `category`, `brand`, `unit`, `buy`, `sell`, `code`, `location`, `stock`, `type`, `data`, `imgs`, `details`, `units`, `strategy`, `serial`, `batch`, `validity`, `protect`, `threshold`, `more`) VALUES
(3001, '商品A-001', 'spa001', 'GOODS001', '规格A', 0, '品牌A', '件', 10.0000, 15.0000, '6901234567890', 'A区-01', 100.0000, 0, '测试商品A', '[]', '', '[]', '[]', 0, 0, 0, 0, 0, '{}'),
(3002, '商品B-002', 'spb002', 'GOODS002', '规格B', 0, '品牌B', '箱', 20.0000, 30.0000, '6901234567891', 'B区-02', 50.0000, 0, '测试商品B', '[]', '', '[]', '[]', 0, 0, 0, 0, 0, '{}'),
(3003, '商品C-003', 'spc003', 'GOODS003', '规格C', 0, '品牌C', '盒', 5.0000, 8.0000, '6901234567892', 'C区-03', 200.0000, 0, '测试商品C', '[]', '', '[]', '[]', 0, 0, 0, 0, 0, '{}'),
(3004, '商品D-004', 'spd004', 'GOODS004', '规格D', 0, '品牌D', '包', 15.0000, 25.0000, '6901234567893', 'D区-04', 80.0000, 0, '测试商品D', '[]', '', '[]', '[]', 0, 0, 0, 0, 0, '{}');

-- ============================================
-- 4. 业务数据：采购单 (buy) - 增加应付款
-- ============================================
-- 时间使用 datetime 格式：'YYYY-MM-DD HH:MM:SS'
INSERT INTO `buy` (`id`, `source`, `frame`, `supplier`, `time`, `number`, `total`, `actual`, `money`, `cost`, `account`, `people`, `logistics`, `file`, `data`, `more`, `examine`, `nucleus`, `cse`, `invoice`, `check`, `user`) VALUES
(4001, 0, 0, 1001, '2024-01-15 00:00:00', 'BUY20240115001', 10000.0000, 10000.0000, 0.0000, 0.0000, 0, 0, NULL, NULL, '采购单1-供应商A', NULL, 1, 0, 0, 0, 0, 1),
(4002, 0, 0, 1001, '2024-02-20 00:00:00', 'BUY20240220001', 15000.0000, 15000.0000, 0.0000, 0.0000, 0, 0, NULL, NULL, '采购单2-供应商A', NULL, 1, 0, 0, 0, 0, 1),
(4003, 0, 0, 1002, '2024-03-10 00:00:00', 'BUY20240310001', 8000.0000, 8000.0000, 0.0000, 0.0000, 0, 0, NULL, NULL, '采购单3-供应商B', NULL, 1, 0, 0, 0, 0, 1),
(4004, 0, 0, 1002, '2024-04-05 00:00:00', 'BUY20240405001', 12000.0000, 12000.0000, 0.0000, 0.0000, 0, 0, NULL, NULL, '采购单4-供应商B', NULL, 1, 0, 0, 0, 0, 1),
(4005, 0, 0, 1003, '2024-05-12 00:00:00', 'BUY20240512001', 6000.0000, 6000.0000, 0.0000, 0.0000, 0, 0, NULL, NULL, '采购单5-供应商C', NULL, 1, 0, 0, 0, 0, 1);

-- ============================================
-- 5. 业务数据：采购退货单 (bre) - 减少应付款
-- ============================================
INSERT INTO `bre` (`id`, `source`, `frame`, `supplier`, `time`, `number`, `total`, `actual`, `money`, `cost`, `account`, `people`, `logistics`, `file`, `data`, `more`, `examine`, `nucleus`, `cse`, `invoice`, `check`, `user`) VALUES
(5001, 4001, 0, 1001, '2024-01-25 00:00:00', 'BRE20240125001', 2000.0000, 2000.0000, 0.0000, 0.0000, 0, 0, NULL, NULL, '采购退货单1-供应商A', NULL, 1, 0, 0, 0, 0, 1),
(5002, 4003, 0, 1002, '2024-03-20 00:00:00', 'BRE20240320001', 1500.0000, 1500.0000, 0.0000, 0.0000, 0, 0, NULL, NULL, '采购退货单2-供应商B', NULL, 1, 0, 0, 0, 0, 1);

-- ============================================
-- 6. 业务数据：付款单 (omy) - 减少应付款（预付款）
-- ============================================
INSERT INTO `omy` (`id`, `frame`, `supplier`, `time`, `number`, `total`, `people`, `file`, `data`, `more`, `examine`, `nucleus`, `user`) VALUES
(6001, 0, 1001, '2024-02-10 00:00:00', 'OMY20240210001', 5000.0000, 0, NULL, '付款单1-供应商A', NULL, 1, 0, 1),
(6002, 0, 1001, '2024-03-01 00:00:00', 'OMY20240301001', 3000.0000, 0, NULL, '付款单2-供应商A', NULL, 1, 0, 1),
(6003, 0, 1002, '2024-03-25 00:00:00', 'OMY20240325001', 4000.0000, 0, NULL, '付款单3-供应商B', NULL, 1, 0, 1),
(6004, 0, 1003, '2024-05-20 00:00:00', 'OMY20240520001', 2000.0000, 0, NULL, '付款单4-供应商C', NULL, 1, 0, 1);

-- ============================================
-- 7. 业务数据：收发统计表 (summary) - 库存余额报表数据源
-- ============================================
-- direction: 1=入库(+), 0=出库(-)
-- nums: 基础数量
-- bct: 基础成本总额
-- uct: 单位成本（计算字段，不存储）
-- time: 单据时间（datetime类型，使用 'YYYY-MM-DD HH:MM:SS' 格式）
-- 注意：如果数据库字段是datetime类型，应使用字符串格式，如 '2024-01-15 00:00:00'
-- 如果数据库字段是int类型，应使用 '2024-01-15 00:00:00'

-- 商品A-001 (3001) 在主仓库 (2001) 的库存变动
INSERT INTO `summary` (`id`, `pid`, `type`, `class`, `info`, `time`, `goods`, `attr`, `warehouse`, `batch`, `mfd`, `serial`, `direction`, `price`, `nums`, `uct`, `bct`, `exist`, `balance`, `handle`) VALUES
(7001, 0, 'buy', 4001, 0, '2024-01-15 00:00:00', 3001, '', 2001, '', 0, '', 1, 10.0000, 100.0000, 10.0000, 1000.0000, '', '', 0.0000),
(7002, 0, 'sell', 0, 0, '2024-02-01 00:00:00', 3001, '', 2001, '', 0, '', 0, 10.0000, 30.0000, 10.0000, 300.0000, '', '', 0.0000),
(7003, 0, 'buy', 4002, 0, '2024-02-20 00:00:00', 3001, '', 2001, '', 0, '', 1, 10.5000, 50.0000, 10.5000, 525.0000, '', '', 0.0000);

-- 商品A-001 (3001) 在分仓库A (2002) 的库存变动
INSERT INTO `summary` (`id`, `pid`, `type`, `class`, `info`, `time`, `goods`, `attr`, `warehouse`, `batch`, `mfd`, `serial`, `direction`, `price`, `nums`, `uct`, `bct`, `exist`, `balance`, `handle`) VALUES
(7004, 0, 'buy', 4001, 0, '2024-01-15 00:00:00', 3001, '', 2002, '', 0, '', 1, 10.0000, 50.0000, 10.0000, 500.0000, '', '', 0.0000),
(7005, 0, 'sell', 0, 0, '2024-02-15 00:00:00', 3001, '', 2002, '', 0, '', 0, 10.0000, 20.0000, 10.0000, 200.0000, '', '', 0.0000);

-- 商品B-002 (3002) 在主仓库 (2001) 的库存变动
INSERT INTO `summary` (`id`, `pid`, `type`, `class`, `info`, `time`, `goods`, `attr`, `warehouse`, `batch`, `mfd`, `serial`, `direction`, `price`, `nums`, `uct`, `bct`, `exist`, `balance`, `handle`) VALUES
(7006, 0, 'buy', 4003, 0, '2024-03-10 00:00:00', 3002, '', 2001, '', 0, '', 1, 20.0000, 40.0000, 20.0000, 800.0000, '', '', 0.0000),
(7007, 0, 'sell', 0, 0, '2024-03-25 00:00:00', 3002, '', 2001, '', 0, '', 0, 20.0000, 10.0000, 20.0000, 200.0000, '', '', 0.0000);

-- 商品B-002 (3002) 在分仓库B (2003) 的库存变动
INSERT INTO `summary` (`id`, `pid`, `type`, `class`, `info`, `time`, `goods`, `attr`, `warehouse`, `batch`, `mfd`, `serial`, `direction`, `price`, `nums`, `uct`, `bct`, `exist`, `balance`, `handle`) VALUES
(7008, 0, 'buy', 4004, 0, '2024-04-05 00:00:00', 3002, '', 2003, '', 0, '', 1, 20.0000, 30.0000, 20.0000, 600.0000, '', '', 0.0000);

-- 商品C-003 (3003) 在主仓库 (2001) 的库存变动
INSERT INTO `summary` (`id`, `pid`, `type`, `class`, `info`, `time`, `goods`, `attr`, `warehouse`, `batch`, `mfd`, `serial`, `direction`, `price`, `nums`, `uct`, `bct`, `exist`, `balance`, `handle`) VALUES
(7009, 0, 'buy', 4005, 0, '2024-05-12 00:00:00', 3003, '', 2001, '', 0, '', 1, 5.0000, 100.0000, 5.0000, 500.0000, '', '', 0.0000),
(7010, 0, 'sell', 0, 0, '2024-05-20 00:00:00', 3003, '', 2001, '', 0, '', 0, 5.0000, 25.0000, 5.0000, 125.0000, '', '', 0.0000);

-- 商品C-003 (3003) 在分仓库A (2002) 的库存变动
INSERT INTO `summary` (`id`, `pid`, `type`, `class`, `info`, `time`, `goods`, `attr`, `warehouse`, `batch`, `mfd`, `serial`, `direction`, `price`, `nums`, `uct`, `bct`, `exist`, `balance`, `handle`) VALUES
(7011, 0, 'buy', 4005, 0, '2024-05-12 00:00:00', 3003, '', 2002, '', 0, '', 1, 5.0000, 80.0000, 5.0000, 400.0000, '', '', 0.0000);

-- 商品D-004 (3004) 在主仓库 (2001) 的库存变动
INSERT INTO `summary` (`id`, `pid`, `type`, `class`, `info`, `time`, `goods`, `attr`, `warehouse`, `batch`, `mfd`, `serial`, `direction`, `price`, `nums`, `uct`, `bct`, `exist`, `balance`, `handle`) VALUES
(7012, 0, 'buy', 4002, 0, '2024-02-20 00:00:00', 3004, '', 2001, '', 0, '', 1, 15.0000, 60.0000, 15.0000, 900.0000, '', '', 0.0000),
(7013, 0, 'sell', 0, 0, '2024-03-10 00:00:00', 3004, '', 2001, '', 0, '', 0, 15.0000, 20.0000, 15.0000, 300.0000, '', '', 0.0000);

-- 商品D-004 (3004) 在分仓库B (2003) 的库存变动
INSERT INTO `summary` (`id`, `pid`, `type`, `class`, `info`, `time`, `goods`, `attr`, `warehouse`, `batch`, `mfd`, `serial`, `direction`, `price`, `nums`, `uct`, `bct`, `exist`, `balance`, `handle`) VALUES
(7014, 0, 'buy', 4004, 0, '2024-04-05 00:00:00', 3004, '', 2003, '', 0, '', 1, 15.0000, 40.0000, 15.0000, 600.0000, '', '', 0.0000);

-- ============================================
-- 数据说明
-- ============================================
-- 
-- 应付账款明细表测试数据：
-- - 供应商A (1001): 
--   采购单: 10000 + 15000 = 25000
--   采购退货: -2000
--   付款单: -5000 - 3000 = -8000
--   最终余额: 25000 - 2000 - 8000 = 15000
-- 
-- - 供应商B (1002):
--   采购单: 8000 + 12000 = 20000
--   采购退货: -1500
--   付款单: -4000
--   最终余额: 20000 - 1500 - 4000 = 14500
-- 
-- - 供应商C (1003):
--   采购单: 6000
--   付款单: -2000
--   最终余额: 6000 - 2000 = 4000
-- 
-- 库存余额报表测试数据（截止到 2024-05-31）：
-- - 商品A-001 (3001):
--   主仓库: 100 + 50 - 30 = 120件, 成本 = (1000 + 525 - 300) / 120 = 10.21
--   分仓库A: 50 - 20 = 30件, 成本 = (500 - 200) / 30 = 10.00
-- 
-- - 商品B-002 (3002):
--   主仓库: 40 - 10 = 30件, 成本 = (800 - 200) / 30 = 20.00
--   分仓库B: 30件, 成本 = 600 / 30 = 20.00
-- 
-- - 商品C-003 (3003):
--   主仓库: 100 - 25 = 75件, 成本 = (500 - 125) / 75 = 5.00
--   分仓库A: 80件, 成本 = 400 / 80 = 5.00
-- 
-- - 商品D-004 (3004):
--   主仓库: 60 - 20 = 40件, 成本 = (900 - 300) / 40 = 15.00
--   分仓库B: 40件, 成本 = 600 / 40 = 15.00
-- 
-- ============================================

