-- 切换到目标数据库
USE `zo_psi`;
SET NAMES utf8mb4;

INSERT INTO `frame` (`id`, `pid`, `name`, `sort`, `data`) VALUES
('0', NULL,	'默认组织', 0, '隐藏组织');
-- -----------------------
-- 插入 bor 表 (采购订单头)
-- -----------------------
INSERT INTO `bor` (
  `id`, `source`, `frame`, `supplier`, `time`, `number`, `total`, `actual`,
  `people`, `arrival`, `logistics`, `file`, `data`, `more`, `examine`, `state`, `user`
) VALUES
('B0001', 'PO', 'F001', 'SUP-A', '2025-01-05 09:12:00', 'PO-20250105-001', 1250.0000, 1250.0000, 'u001', '2025-01-10 10:00:00', '快递:SF 单号 SF123456', NULL, '首批采购', NULL, 1, 0, 'alice'),
('B0002', 'PO', 'F001', 'SUP-B', '2025-01-20 15:30:00', 'PO-20250120-002', 8420.5000, 8420.5000, 'u002', '2025-01-25 16:00:00', '海运', NULL, '含特殊配件', NULL, 1, 2, 'bob'),
('B0003', 'PO', 'F002', 'SUP-C', '2025-02-02 11:00:00', 'PO-20250202-003', 399.9900, 399.9900, 'u003', NULL, '自送', NULL, '样品订单', NULL, 0, 0, 'carol'),
('B0004', 'PO', 'F002', 'SUP-A', '2025-02-18 08:45:00', 'PO-20250218-004', 15200.7500, 15000.7500, 'u004', '2025-02-22 12:30:00', '快递:中通', NULL, '分两批到货', NULL, 1, 1, 'dave'),
('B0005', 'PO', 'F003', 'SUP-D', '2025-03-01 13:20:00', 'PO-20250301-005', 560.0000, 560.0000, 'u005', NULL, NULL, NULL, '普通采购', NULL, 0, 0, 'ellen'),
('B0006', 'PO', 'F001', 'SUP-E', '2025-03-12 10:10:00', 'PO-20250312-006', 9876.3400, 9876.3400, 'u006', '2025-03-18 09:00:00', '空运', NULL, '带税票', NULL, 1, 2, 'frank'),
('B0007', 'PO', 'F004', 'SUP-B', '2025-03-20 09:00:00', 'PO-20250320-007', 120.0000, 120.0000, 'u007', NULL, NULL, NULL, '紧急', NULL, 1, 0, 'gina'),
('B0008', 'PO', 'F002', 'SUP-F', '2025-04-02 14:50:00', 'PO-20250402-008', 4530.6000, 4530.6000, 'u004', '2025-04-05 10:00:00', '快递:顺丰', NULL, '带安装件', NULL, 0, 0, 'hank');

INSERT INTO `category` (`id`, `pid`, `name`, `sort`, `data`) VALUES
('0', NULL,	'默认类别', 0, '隐藏类别');
-- -----------------------
-- 插入 bor_info 表 (采购订单明细)
-- -----------------------
INSERT INTO `bor_info` (
  `id`, `pid`, `goods`, `attr`, `unit`, `warehouse`, `price`, `nums`,
  `discount`, `dsc`, `total`, `tax`, `tat`, `tpt`, `data`, `handle`
) VALUES
('BI0001', 'B0001', 'G-1001', '颜色:白;尺码:M', 'pcs', 'W-01', 50.00, 10.0000, 0.00, 0.0000, 500.0000, 13.00, 65.0000, 565.0000, '第一批货', 0.0000),
('BI0002', 'B0001', 'G-1002', '型号:X2', 'pcs', 'W-01', 75.00, 10.0000, 0.00, 0.0000, 750.0000, 0.00, 0.0000, 750.0000, '含保修卡', 0.0000),
('BI0003', 'B0002', 'G-2001', '批量:箱', 'box', 'W-02', 420.25, 5.0000, 5.00, 105.0625, 2101.2500, 10.00, 210.1250, 2311.3750, '电器类', 5.0000),
('BI0004', 'B0002', 'G-2002', '电压:220V', 'pcs', 'W-03', 780.00, 3.0000, 0.00, 0.0000, 2340.0000, 13.00, 304.2000, 2644.2000, '', 0.0000),
('BI0005', 'B0002', 'G-2003', NULL, 'pcs', 'W-02', 98.75, 10.0000, 2.00, 19.7500, 968.7500, 6.00, 58.1250, 1026.8750, '含小配件', 0.0000),
('BI0006', 'B0003', 'G-3001', '样品', 'pcs', 'W-04', 99.9975, 4.0000, 0.00, 0.0000, 399.9900, 0.00, 0.0000, 399.9900, '测试用', 0.0000),
('BI0007', 'B0004', 'G-1001', '颜色:黑', 'pcs', 'W-01', 50.00, 100.0000, 0.00, 0.0000, 5000.0000, 13.00, 650.0000, 5650.0000, '大批量', 60.0000),
('BI0008', 'B0004', 'G-4001', '材质:不锈钢', 'pcs', 'W-05', 35.75, 200.0000, 0.00, 0.0000, 7150.0000, 13.00, 929.5000, 8079.5000, '', 100.0000),
('BI0009', 'B0004', 'G-4002', NULL, 'set', 'W-05', 5.00, 10.0000, 0.00, 0.0000, 50.0000, 0.00, 0.0000, 50.0000, '配件包', 10.0000),
('BI0010', 'B0005', 'G-5001', NULL, 'pcs', 'W-03', 140.00, 4.0000, 0.00, 0.0000, 560.0000, 0.00, 0.0000, 560.0000, '', 0.0000),
('BI0011', 'B0006', 'G-6001', '含税', 'pcs', 'W-02', 123.45, 20.0000, 0.00, 0.0000, 2469.0000, 13.00, 320.9700, 2790.9700, '高端商品', 20.0000),
('BI0012', 'B0006', 'G-6002', '优惠:10%', 'pcs', 'W-02', 50.00, 100.0000, 10.00, 500.0000, 4500.0000, 13.00, 585.0000, 5085.0000, '', 50.0000),
('BI0013', 'B0006', 'G-6003', NULL, 'pcs', 'W-03', 37.00, 40.0000, 0.00, 0.0000, 1480.0000, 6.00, 88.8000, 1568.8000, '', 0.0000),
('BI0014', 'B0007', 'G-7001', '急单', 'pcs', 'W-04', 12.00, 10.0000, 0.00, 0.0000, 120.0000, 0.00, 0.0000, 120.0000, '需加急处理', 0.0000),
('BI0015', 'B0008', 'G-8001', '含安装', 'pcs', 'W-06', 150.00, 10.0000, 0.00, 0.0000, 1500.0000, 13.00, 195.0000, 1695.0000, '送货含安装', 0.0000),
('BI0016', 'B0008', 'G-8002', NULL, 'pcs', 'W-06', 30.00, 34.0000, 0.00, 0.0000, 1020.0000, 6.00, 61.2000, 1081.2000, '', 10.0000),
('BI0017', 'B0002', 'G-2004', '特殊材质', 'pcs', 'W-03', 75.25, 2.0000, 0.00, 0.0000, 150.5000, 13.00, 19.5650, 170.0650, '小批样品', 0.0000),
('BI0018', 'B0002', 'G-2005', '加急', 'pcs', 'W-02', 320.00, 1.0000, 0.00, 0.0000, 320.0000, 13.00, 41.6000, 361.6000, '', 0.0000),
('BI0019', 'B0001', 'G-1003', NULL, 'pcs', 'W-01', 0.25, 100.0000, 0.00, 0.0000, 25.0000, 0.00, 0.0000, 25.0000, '辅料', 0.0000),
('BI0020', 'B0004', 'G-4003', NULL, 'pcs', 'W-05', 30.75, 10.0000, 0.00, 0.0000, 307.5000, 6.00, 18.4500, 325.9500, '', 0.0000);

-- 结束
INSERT INTO `sys` (`id`, `name`, `info`, `data`) VALUES
('e7eb5c8d86594bb6935ffea74aa41176', 'name', '零壹进销存',	'软件名称'),
('f6dd31284c5f492f8682ee2097360796', 'company', '成都零壹科技有限公司', '公司名称'),
('1f2dd2c6ae7e452885fde3a4757b44ae', 'icp', '蜀备000000-0', '备案信息'),
('e82e7abc02384c33ae3752771a581bde', 'notice', '欢迎使用零壹进销存系统\n官网地址：www.01xq.com\n反馈邮箱：ceo@01xq.com', '公告信息'),
('fe945cb2ec084aa3902648be72447aed', 'brand', '[]', '商品品牌'),
('31b7be06795e4f7a9094b622edffcb43', 'unit',	'[]', '计量单位'),
('7ff87eb4d15c4eeaaa1ac8a9a243a080', 'crCategory', '[\"\\u5e38\\u89c4\\u7c7b\\u522b\"]', '客户类别'),
('d40db666b196439bb9415cffbdd7e585', 'crGrade', '[\"\\u5e38\\u89c4\\u7b49\\u7ea7\"]', '客户等级'),
('e185e67b312041d7a4a47f4cd86c0168', 'srCategory', '[\"\\u5e38\\u89c4\\u7c7b\\u522b\"]', '供应商类别'),
('1b1cd30b6d474f529943c10600ac3e88', 'fun', '{\"examine\":false,\"tax\":false,\"rate\":0,\"contain\":false,\"overflow\":false,\"valuation\":\"base\",\"branch\":0,\"rule\":\"def\",\"digit\":{\"nums\":0,\"money\":2},\"days\":\"30\"}', '功能参数'),
('140e79ac85c041c5a727ed112d7cee16', 'logistics', '[{\"key\":\"auto\",\"name\":\"\\u81ea\\u52a8\\u8bc6\\u522b\",\"enable\":true},{\"key\":\"debangwuliu\",\"name\":\"\\u5fb7\\u90a6\\u7269\\u6d41\",\"enable\":true},{\"key\":\"ems\",\"name\":\"\\u90ae\\u653f\\u5feb\\u9012\",\"enable\":true},{\"key\":\"kuaijiesudi\",\"name\":\"\\u5feb\\u6377\\u901f\\u9012\",\"enable\":true},{\"key\":\"quanfengkuaidi\",\"name\":\"\\u5168\\u5cf0\\u5feb\\u9012\",\"enable\":true},{\"key\":\"shentong\",\"name\":\"\\u7533\\u901a\\u901f\\u9012\",\"enable\":true},{\"key\":\"shunfeng\",\"name\":\"\\u987a\\u4e30\\u901f\\u9012\",\"enable\":true},{\"key\":\"tiantian\",\"name\":\"\\u5929\\u5929\\u5feb\\u9012\",\"enable\":true},{\"key\":\"youshuwuliu\",\"name\":\"\\u4f18\\u901f\\u7269\\u6d41\",\"enable\":true},{\"key\":\"yuantong\",\"name\":\"\\u5706\\u901a\\u901f\\u9012\",\"enable\":true},{\"key\":\"yunda\",\"name\":\"\\u97f5\\u8fbe\\u5feb\\u8fd0\",\"enable\":true},{\"key\":\"zhongtong\",\"name\":\"\\u4e2d\\u901a\\u901f\\u9012\",\"enable\":true},{\"key\":\"htky\",\"name\":\"\\u767e\\u4e16\\u5feb\\u9012\",\"enable\":true}]',	'物流配置');

INSERT INTO `user` (`id`, `name`, `py`, `tel`, `frame`, `role`, `user`, `pwd`, `img`, `token`, `expire`, `data`, `more`) VALUES
('5ca75d69600b4c8a907e25282b766d0f', '管理员', 'gly', '18800000000',	'0', '0', 'admin', '$2a$10$K7U.Xolbbz3fGsAzpIawmeQuTWt/W0TXA8DpugqRwWsE0PeRSi1Vu', NULL, NULL, NULL, '管理员', NULL);
